Treatment,N,Total_Effect,Direct_Effect,Indirect_Food,Indirect_Service,Pct_via_Food,Pct_via_Service,Pct_Mediated,Food_Importance,Service_Importance,R2_Total,R2_Mediated
age_group,31559,-0.059633049944055494,-0.022480771987574113,-0.014185238156055243,-0.022967039800426126,23.787544271780607,38.51394456928258,62.30148884106319,38.18134159275843,61.818658407241564,0.0010811754672028773,0.8117614500689458
activity,31559,-0.8071022161957127,0.001478854568753012,-0.4274552295701309,-0.38112584119433435,52.961721699259726,47.22150844669665,100.18323014595639,52.8648573439887,47.135142656011304,0.0848080776488831,0.8116082068427118
personality,31559,0.0940446583133275,0.025795607595234624,0.051339630487655406,0.016909420230437386,54.59069277130845,17.980202739533027,72.57089551084147,75.22394809521549,24.776051904784527,0.006979724025132472,0.8121262269565118
User_cuisine,31559,-0.002407587944230753,-0.0014219020573171591,-0.0006754591898434011,-0.0003102266970701939,28.055431639038908,12.885373421709595,40.94080506074851,0.0,0.0,0.005543107930364499,0.8135372000965774
